timeStamp,elapsed,label,responseCode,responseMessage,threadName,dataType,success,failureMessage,bytes,sentBytes,grpThreads,allThreads,URL,Latency,IdleTime,Connect
1779433929552,2683,GET target endpoint,200,OK,Users 1-1,text,True,,231,167,3,3,http://example.com:8080/?token=DEMO_TOKEN&user=DEMO_USER&config=1,2678,0,27
1779433932226,704,GET target endpoint,200,OK,Users 1-2,text,True,,231,167,4,4,http://example.com:8080/?token=DEMO_TOKEN&user=DEMO_USER&config=1,704,0,1
1779433932226,705,GET target endpoint,200,OK,Users 1-3,text,True,,231,167,4,4,http://example.com:8080/?token=DEMO_TOKEN&user=DEMO_USER&config=1,705,0,1
1779433932236,704,GET target endpoint,200,OK,Users 1-1,text,True,,231,167,4,4,http://example.com:8080/?token=DEMO_TOKEN&user=DEMO_USER&config=1,704,0,0
1779433932433,705,GET target endpoint,200,OK,Users 1-4,text,True,,231,167,4,4,http://example.com:8080/?token=DEMO_TOKEN&user=DEMO_USER&config=1,705,0,1
1779433933433,707,GET target endpoint,200,OK,Users 1-5,text,True,,231,167,5,5,http://example.com:8080/?token=DEMO_TOKEN&user=DEMO_USER&config=1,707,0,1
1779433933726,706,GET target endpoint,200,OK,Users 1-3,text,True,,231,167,6,6,http://example.com:8080/?token=DEMO_TOKEN&user=DEMO_USER&config=1,706,0,0
1779433933725,708,GET target endpoint,200,OK,Users 1-2,text,True,,231,167,6,6,http://example.com:8080/?token=DEMO_TOKEN&user=DEMO_USER&config=1,707,0,0
1779433933736,708,GET target endpoint,200,OK,Users 1-1,text,True,,231,167,6,6,http://example.com:8080/?token=DEMO_TOKEN&user=DEMO_USER&config=1,708,0,0
1779433933933,709,GET target endpoint,200,OK,Users 1-4,text,True,,231,167,6,6,http://example.com:8080/?token=DEMO_TOKEN&user=DEMO_USER&config=1,709,0,0
1779433934431,711,GET target endpoint,200,OK,Users 1-6,text,True,,231,167,6,6,http://example.com:8080/?token=DEMO_TOKEN&user=DEMO_USER&config=1,710,0,1
1779433934931,711,GET target endpoint,200,OK,Users 1-5,text,True,,231,167,6,6,http://example.com:8080/?token=DEMO_TOKEN&user=DEMO_USER&config=1,711,0,0
1779433935225,712,GET target endpoint,200,OK,Users 1-3,text,True,,231,167,6,6,http://example.com:8080/?token=DEMO_TOKEN&user=DEMO_USER&config=1,712,0,0
1779433935225,712,GET target endpoint,200,OK,Users 1-2,text,True,,231,167,6,6,http://example.com:8080/?token=DEMO_TOKEN&user=DEMO_USER&config=1,712,0,0
1779433935237,712,GET target endpoint,200,OK,Users 1-1,text,True,,231,167,6,6,http://example.com:8080/?token=DEMO_TOKEN&user=DEMO_USER&config=1,712,0,0
1779433935433,714,GET target endpoint,200,OK,Users 1-4,text,True,,231,167,6,6,http://example.com:8080/?token=DEMO_TOKEN&user=DEMO_USER&config=1,714,0,0
1779433935931,714,GET target endpoint,200,OK,Users 1-6,text,True,,231,167,6,6,http://example.com:8080/?token=DEMO_TOKEN&user=DEMO_USER&config=1,714,0,0
1779433936431,716,GET target endpoint,200,OK,Users 1-5,text,True,,231,167,6,6,http://example.com:8080/?token=DEMO_TOKEN&user=DEMO_USER&config=1,716,0,0
1779433936726,715,GET target endpoint,200,OK,Users 1-3,text,True,,231,167,6,6,http://example.com:8080/?token=DEMO_TOKEN&user=DEMO_USER&config=1,715,0,0
1779433936726,716,GET target endpoint,200,OK,Users 1-2,text,True,,231,167,6,6,http://example.com:8080/?token=DEMO_TOKEN&user=DEMO_USER&config=1,716,0,0
1779433936736,717,GET target endpoint,200,OK,Users 1-1,text,True,,231,167,6,6,http://example.com:8080/?token=DEMO_TOKEN&user=DEMO_USER&config=1,717,0,0
1779433936933,718,GET target endpoint,200,OK,Users 1-4,text,True,,231,167,6,6,http://example.com:8080/?token=DEMO_TOKEN&user=DEMO_USER&config=1,718,0,0
1779433937430,719,GET target endpoint,200,OK,Users 1-6,text,True,,231,167,6,6,http://example.com:8080/?token=DEMO_TOKEN&user=DEMO_USER&config=1,719,0,0
1779433937932,719,GET target endpoint,200,OK,Users 1-5,text,True,,231,167,6,6,http://example.com:8080/?token=DEMO_TOKEN&user=DEMO_USER&config=1,719,0,0
1779433938226,720,GET target endpoint,200,OK,Users 1-2,text,True,,231,167,6,6,http://example.com:8080/?token=DEMO_TOKEN&user=DEMO_USER&config=1,720,0,0
1779433938226,721,GET target endpoint,200,OK,Users 1-3,text,True,,231,167,6,6,http://example.com:8080/?token=DEMO_TOKEN&user=DEMO_USER&config=1,721,0,0
1779433938237,722,GET target endpoint,200,OK,Users 1-1,text,True,,231,167,6,6,http://example.com:8080/?token=DEMO_TOKEN&user=DEMO_USER&config=1,722,0,0
1779433938432,723,GET target endpoint,200,OK,Users 1-4,text,True,,231,167,6,6,http://example.com:8080/?token=DEMO_TOKEN&user=DEMO_USER&config=1,723,0,0
1779433938930,724,GET target endpoint,200,OK,Users 1-6,text,True,,231,167,6,6,http://example.com:8080/?token=DEMO_TOKEN&user=DEMO_USER&config=1,724,0,0
1779433939432,730,GET target endpoint,200,OK,Users 1-5,text,True,,231,167,6,6,http://example.com:8080/?token=DEMO_TOKEN&user=DEMO_USER&config=1,730,0,0
1779433939726,725,GET target endpoint,200,OK,Users 1-2,text,True,,231,167,6,6,http://example.com:8080/?token=DEMO_TOKEN&user=DEMO_USER&config=1,725,0,0
1779433939726,725,GET target endpoint,200,OK,Users 1-3,text,True,,231,167,6,6,http://example.com:8080/?token=DEMO_TOKEN&user=DEMO_USER&config=1,725,0,0
1779433939738,727,GET target endpoint,200,OK,Users 1-1,text,True,,231,167,6,6,http://example.com:8080/?token=DEMO_TOKEN&user=DEMO_USER&config=1,727,0,0
1779433939933,728,GET target endpoint,200,OK,Users 1-4,text,True,,231,167,6,6,http://example.com:8080/?token=DEMO_TOKEN&user=DEMO_USER&config=1,728,0,0
1779433940432,729,GET target endpoint,200,OK,Users 1-6,text,True,,231,167,6,6,http://example.com:8080/?token=DEMO_TOKEN&user=DEMO_USER&config=1,729,0,0
1779433940932,729,GET target endpoint,200,OK,Users 1-5,text,True,,231,167,6,6,http://example.com:8080/?token=DEMO_TOKEN&user=DEMO_USER&config=1,729,0,0
1779433941226,730,GET target endpoint,200,OK,Users 1-2,text,True,,231,167,6,6,http://example.com:8080/?token=DEMO_TOKEN&user=DEMO_USER&config=1,730,0,0
1779433941226,731,GET target endpoint,200,OK,Users 1-3,text,True,,231,167,6,6,http://example.com:8080/?token=DEMO_TOKEN&user=DEMO_USER&config=1,731,0,0
1779433941237,732,GET target endpoint,200,OK,Users 1-1,text,True,,231,167,6,6,http://example.com:8080/?token=DEMO_TOKEN&user=DEMO_USER&config=1,732,0,0
1779433941433,733,GET target endpoint,200,OK,Users 1-4,text,True,,231,167,6,6,http://example.com:8080/?token=DEMO_TOKEN&user=DEMO_USER&config=1,733,0,0
1779433941932,734,GET target endpoint,200,OK,Users 1-6,text,True,,231,167,6,6,http://example.com:8080/?token=DEMO_TOKEN&user=DEMO_USER&config=1,733,0,0
1779433942433,810,GET target endpoint,200,OK,Users 1-5,text,True,,231,167,6,6,http://example.com:8080/?token=DEMO_TOKEN&user=DEMO_USER&config=1,810,0,0
1779433942727,810,GET target endpoint,200,OK,Users 1-3,text,True,,231,167,6,6,http://example.com:8080/?token=DEMO_TOKEN&user=DEMO_USER&config=1,810,0,0
1779433942727,810,GET target endpoint,200,OK,Users 1-2,text,True,,231,167,6,6,http://example.com:8080/?token=DEMO_TOKEN&user=DEMO_USER&config=1,810,0,0
1779433942737,1032,GET target endpoint,200,OK,Users 1-1,text,True,,231,167,6,6,http://example.com:8080/?token=DEMO_TOKEN&user=DEMO_USER&config=1,1032,0,0
1779433942934,836,GET target endpoint,200,OK,Users 1-4,text,True,,231,167,6,6,http://example.com:8080/?token=DEMO_TOKEN&user=DEMO_USER&config=1,836,0,0
1779433943431,736,GET target endpoint,200,OK,Users 1-6,text,True,,231,167,6,6,http://example.com:8080/?token=DEMO_TOKEN&user=DEMO_USER&config=1,735,0,0
1779433943933,820,GET target endpoint,200,OK,Users 1-5,text,True,,231,167,6,6,http://example.com:8080/?token=DEMO_TOKEN&user=DEMO_USER&config=1,820,0,0
1779433944226,733,GET target endpoint,200,OK,Users 1-2,text,True,,231,167,6,6,http://example.com:8080/?token=DEMO_TOKEN&user=DEMO_USER&config=1,733,0,0
1779433944226,733,GET target endpoint,200,OK,Users 1-3,text,True,,231,167,6,6,http://example.com:8080/?token=DEMO_TOKEN&user=DEMO_USER&config=1,733,0,0
1779433944238,736,GET target endpoint,200,OK,Users 1-1,text,True,,231,167,6,6,http://example.com:8080/?token=DEMO_TOKEN&user=DEMO_USER&config=1,736,0,0
1779433944433,1115,GET target endpoint,200,OK,Users 1-4,text,True,,231,167,6,6,http://example.com:8080/?token=DEMO_TOKEN&user=DEMO_USER&config=1,1115,0,0
1779433944931,736,GET target endpoint,200,OK,Users 1-6,text,True,,231,167,6,6,http://example.com:8080/?token=DEMO_TOKEN&user=DEMO_USER&config=1,735,0,0
1779433945432,948,GET target endpoint,200,OK,Users 1-5,text,True,,231,167,6,6,http://example.com:8080/?token=DEMO_TOKEN&user=DEMO_USER&config=1,948,0,0
1779433945726,732,GET target endpoint,200,OK,Users 1-2,text,True,,231,167,6,6,http://example.com:8080/?token=DEMO_TOKEN&user=DEMO_USER&config=1,732,0,0
1779433945727,771,GET target endpoint,200,OK,Users 1-3,text,True,,231,167,6,6,http://example.com:8080/?token=DEMO_TOKEN&user=DEMO_USER&config=1,771,0,0
1779433945738,826,GET target endpoint,200,OK,Users 1-1,text,True,,231,167,6,6,http://example.com:8080/?token=DEMO_TOKEN&user=DEMO_USER&config=1,826,0,0
1779433945934,783,GET target endpoint,200,OK,Users 1-4,text,True,,231,167,6,6,http://example.com:8080/?token=DEMO_TOKEN&user=DEMO_USER&config=1,783,0,0
1779433946431,1065,GET target endpoint,200,OK,Users 1-6,text,True,,231,167,6,6,http://example.com:8080/?token=DEMO_TOKEN&user=DEMO_USER&config=1,1065,0,0
1779433946932,1122,GET target endpoint,200,OK,Users 1-5,text,True,,231,167,6,6,http://example.com:8080/?token=DEMO_TOKEN&user=DEMO_USER&config=1,1122,0,0
1779433947226,1461,GET target endpoint,200,OK,Users 1-3,text,True,,231,167,6,6,http://example.com:8080/?token=DEMO_TOKEN&user=DEMO_USER&config=1,1461,0,0
1779433947226,1461,GET target endpoint,200,OK,Users 1-2,text,True,,231,167,6,6,http://example.com:8080/?token=DEMO_TOKEN&user=DEMO_USER&config=1,1461,0,0
1779433947237,1582,GET target endpoint,200,OK,Users 1-1,text,True,,231,167,6,6,http://example.com:8080/?token=DEMO_TOKEN&user=DEMO_USER&config=1,1582,0,0
1779433947433,1387,GET target endpoint,200,OK,Users 1-4,text,True,,231,167,6,6,http://example.com:8080/?token=DEMO_TOKEN&user=DEMO_USER&config=1,1387,0,0
1779433947932,1472,GET target endpoint,200,OK,Users 1-6,text,True,,231,167,6,6,http://example.com:8080/?token=DEMO_TOKEN&user=DEMO_USER&config=1,1472,0,0
1779433948432,1490,GET target endpoint,200,OK,Users 1-5,text,True,,231,167,6,6,http://example.com:8080/?token=DEMO_TOKEN&user=DEMO_USER&config=1,1489,0,0
1779433948726,2147,GET target endpoint,200,OK,Users 1-2,text,True,,231,167,6,6,http://example.com:8080/?token=DEMO_TOKEN&user=DEMO_USER&config=1,2147,0,0
1779433948726,2147,GET target endpoint,200,OK,Users 1-3,text,True,,231,167,6,6,http://example.com:8080/?token=DEMO_TOKEN&user=DEMO_USER&config=1,2147,0,0
1779433948819,2055,GET target endpoint,200,OK,Users 1-1,text,True,,231,167,6,6,http://example.com:8080/?token=DEMO_TOKEN&user=DEMO_USER&config=1,2055,0,0
1779433948933,1942,GET target endpoint,200,OK,Users 1-4,text,True,,231,167,6,6,http://example.com:8080/?token=DEMO_TOKEN&user=DEMO_USER&config=1,1942,0,0
1779433949432,1672,GET target endpoint,200,OK,Users 1-6,text,True,,231,167,6,6,http://example.com:8080/?token=DEMO_TOKEN&user=DEMO_USER&config=1,1672,0,0
1779433949932,2631,GET target endpoint,200,OK,Users 1-5,text,True,,231,167,6,6,http://example.com:8080/?token=DEMO_TOKEN&user=DEMO_USER&config=1,2630,0,0
1779433950874,3577,GET target endpoint,200,OK,Users 1-3,text,True,,231,167,6,6,http://example.com:8080/?token=DEMO_TOKEN&user=DEMO_USER&config=1,3577,0,0
1779433950874,3577,GET target endpoint,200,OK,Users 1-1,text,True,,231,167,6,6,http://example.com:8080/?token=DEMO_TOKEN&user=DEMO_USER&config=1,3577,0,0
1779433950875,3602,GET target endpoint,200,OK,Users 1-4,text,True,,231,167,6,6,http://example.com:8080/?token=DEMO_TOKEN&user=DEMO_USER&config=1,3602,0,0
1779433950876,3601,GET target endpoint,200,OK,Users 1-2,text,True,,231,167,6,6,http://example.com:8080/?token=DEMO_TOKEN&user=DEMO_USER&config=1,3601,0,0
1779433951105,3403,GET target endpoint,200,OK,Users 1-6,text,True,,231,167,6,6,http://example.com:8080/?token=DEMO_TOKEN&user=DEMO_USER&config=1,3403,0,0
1779433952563,3170,GET target endpoint,200,OK,Users 1-5,text,True,,231,167,6,6,http://example.com:8080/?token=DEMO_TOKEN&user=DEMO_USER&config=1,3169,0,0
1779433954452,3584,GET target endpoint,200,OK,Users 1-1,text,True,,231,167,6,6,http://example.com:8080/?token=DEMO_TOKEN&user=DEMO_USER&config=1,3584,0,0
1779433954452,3584,GET target endpoint,200,OK,Users 1-3,text,True,,231,167,6,6,http://example.com:8080/?token=DEMO_TOKEN&user=DEMO_USER&config=1,3584,0,0
1779433954477,3567,GET target endpoint,200,OK,Users 1-2,text,True,,231,167,6,6,http://example.com:8080/?token=DEMO_TOKEN&user=DEMO_USER&config=1,3567,0,0
1779433954477,3575,GET target endpoint,200,OK,Users 1-4,text,True,,231,167,6,6,http://example.com:8080/?token=DEMO_TOKEN&user=DEMO_USER&config=1,3575,0,0
1779433954509,3580,GET target endpoint,200,OK,Users 1-6,text,True,,231,167,6,6,http://example.com:8080/?token=DEMO_TOKEN&user=DEMO_USER&config=1,3580,0,0
1779433955733,3675,GET target endpoint,200,OK,Users 1-5,text,True,,231,167,6,6,http://example.com:8080/?token=DEMO_TOKEN&user=DEMO_USER&config=1,3675,0,0
1779433958037,3142,GET target endpoint,200,OK,Users 1-1,text,True,,231,167,6,6,http://example.com:8080/?token=DEMO_TOKEN&user=DEMO_USER&config=1,3142,0,0
1779433958037,3142,GET target endpoint,200,OK,Users 1-3,text,True,,231,167,6,6,http://example.com:8080/?token=DEMO_TOKEN&user=DEMO_USER&config=1,3142,0,0
1779433958045,3466,GET target endpoint,200,OK,Users 1-2,text,True,,231,167,6,6,http://example.com:8080/?token=DEMO_TOKEN&user=DEMO_USER&config=1,3466,0,0
1779433958052,3460,GET target endpoint,200,OK,Users 1-4,text,True,,231,167,6,6,http://example.com:8080/?token=DEMO_TOKEN&user=DEMO_USER&config=1,3460,0,0
1779433958089,3423,GET target endpoint,200,OK,Users 1-6,text,True,,231,167,6,6,http://example.com:8080/?token=DEMO_TOKEN&user=DEMO_USER&config=1,3423,0,0
1779433959409,3091,GET target endpoint,200,OK,Users 1-5,text,True,,231,167,6,6,http://example.com:8080/?token=DEMO_TOKEN&user=DEMO_USER&config=1,3091,0,0
1779433961179,3084,GET target endpoint,200,OK,Users 1-1,text,True,,231,167,6,6,http://example.com:8080/?token=DEMO_TOKEN&user=DEMO_USER&config=1,3084,0,0
1779433961179,3084,GET target endpoint,200,OK,Users 1-3,text,True,,231,167,6,6,http://example.com:8080/?token=DEMO_TOKEN&user=DEMO_USER&config=1,3084,0,0
1779433961512,2774,GET target endpoint,200,OK,Users 1-2,text,True,,231,167,6,6,http://example.com:8080/?token=DEMO_TOKEN&user=DEMO_USER&config=1,2774,0,0
1779433961512,2774,GET target endpoint,200,OK,Users 1-4,text,True,,231,167,6,6,http://example.com:8080/?token=DEMO_TOKEN&user=DEMO_USER&config=1,2774,0,0
1779433961512,2774,GET target endpoint,200,OK,Users 1-6,text,True,,231,167,6,6,http://example.com:8080/?token=DEMO_TOKEN&user=DEMO_USER&config=1,2774,0,0
1779433962501,2813,GET target endpoint,200,OK,Users 1-5,text,True,,231,167,6,6,http://example.com:8080/?token=DEMO_TOKEN&user=DEMO_USER&config=1,2813,0,0
1779433964264,3677,GET target endpoint,200,OK,Users 1-3,text,True,,231,167,6,6,http://example.com:8080/?token=DEMO_TOKEN&user=DEMO_USER&config=1,3677,0,0
1779433964287,3654,GET target endpoint,200,OK,Users 1-2,text,True,,231,167,6,6,http://example.com:8080/?token=DEMO_TOKEN&user=DEMO_USER&config=1,3654,0,0
1779433964264,3677,GET target endpoint,200,OK,Users 1-1,text,True,,231,167,6,6,http://example.com:8080/?token=DEMO_TOKEN&user=DEMO_USER&config=1,3677,0,0
1779433964287,3654,GET target endpoint,200,OK,Users 1-6,text,True,,231,167,6,6,http://example.com:8080/?token=DEMO_TOKEN&user=DEMO_USER&config=1,3654,0,0
1779433964287,3654,GET target endpoint,200,OK,Users 1-4,text,True,,231,167,6,6,http://example.com:8080/?token=DEMO_TOKEN&user=DEMO_USER&config=1,3654,0,0
1779433965315,4003,GET target endpoint,200,OK,Users 1-5,text,True,,231,167,6,6,http://example.com:8080/?token=DEMO_TOKEN&user=DEMO_USER&config=1,4003,0,0
1779433967942,2702,GET target endpoint,200,OK,Users 1-2,text,True,,231,167,6,6,http://example.com:8080/?token=DEMO_TOKEN&user=DEMO_USER&config=1,2702,0,0
1779433967942,3616,GET target endpoint,200,OK,Users 1-1,text,True,,231,167,6,6,http://example.com:8080/?token=DEMO_TOKEN&user=DEMO_USER&config=1,3616,0,0
1779433967942,3616,GET target endpoint,200,OK,Users 1-4,text,True,,231,167,6,6,http://example.com:8080/?token=DEMO_TOKEN&user=DEMO_USER&config=1,3616,0,0
1779433967942,3756,GET target endpoint,200,OK,Users 1-3,text,True,,231,167,6,6,http://example.com:8080/?token=DEMO_TOKEN&user=DEMO_USER&config=1,3755,0,0
1779433967942,3756,GET target endpoint,200,OK,Users 1-6,text,True,,231,167,6,6,http://example.com:8080/?token=DEMO_TOKEN&user=DEMO_USER&config=1,3756,0,0
1779433969319,3463,GET target endpoint,200,OK,Users 1-5,text,True,,231,167,6,6,http://example.com:8080/?token=DEMO_TOKEN&user=DEMO_USER&config=1,3463,0,0
1779433970645,3733,GET target endpoint,200,OK,Users 1-2,text,True,,231,167,6,6,http://example.com:8080/?token=DEMO_TOKEN&user=DEMO_USER&config=1,3733,0,0
1779433971558,3081,GET target endpoint,200,OK,Users 1-4,text,True,,231,167,6,6,http://example.com:8080/?token=DEMO_TOKEN&user=DEMO_USER&config=1,3081,0,0
1779433971558,3510,GET target endpoint,200,OK,Users 1-1,text,True,,231,167,6,6,http://example.com:8080/?token=DEMO_TOKEN&user=DEMO_USER&config=1,3510,0,0
1779433971698,3370,GET target endpoint,200,OK,Users 1-3,text,True,,231,167,6,6,http://example.com:8080/?token=DEMO_TOKEN&user=DEMO_USER&config=1,3370,0,0
1779433971698,3720,GET target endpoint,200,OK,Users 1-6,text,True,,231,167,6,6,http://example.com:8080/?token=DEMO_TOKEN&user=DEMO_USER&config=1,3720,0,0
1779433972782,3104,GET target endpoint,200,OK,Users 1-5,text,True,,231,167,6,6,http://example.com:8080/?token=DEMO_TOKEN&user=DEMO_USER&config=1,3104,0,0
1779433974378,2689,GET target endpoint,200,OK,Users 1-2,text,True,,231,167,6,6,http://example.com:8080/?token=DEMO_TOKEN&user=DEMO_USER&config=1,2689,0,0
1779433975068,2917,GET target endpoint,200,OK,Users 1-1,text,True,,231,167,6,6,http://example.com:8080/?token=DEMO_TOKEN&user=DEMO_USER&config=1,2917,0,0
1779433974640,3345,GET target endpoint,200,OK,Users 1-4,text,True,,231,167,6,6,http://example.com:8080/?token=DEMO_TOKEN&user=DEMO_USER&config=1,3345,0,0
1779433975069,2916,GET target endpoint,200,OK,Users 1-3,text,True,,231,167,6,6,http://example.com:8080/?token=DEMO_TOKEN&user=DEMO_USER&config=1,2916,0,0
1779433975419,2788,GET target endpoint,200,OK,Users 1-6,text,True,,231,167,6,6,http://example.com:8080/?token=DEMO_TOKEN&user=DEMO_USER&config=1,2787,0,0
1779433975886,3408,GET target endpoint,200,OK,Users 1-5,text,True,,231,167,6,6,http://example.com:8080/?token=DEMO_TOKEN&user=DEMO_USER&config=1,3408,0,0
1779433977068,3358,GET target endpoint,200,OK,Users 1-2,text,True,,231,167,6,6,http://example.com:8080/?token=DEMO_TOKEN&user=DEMO_USER&config=1,3357,0,0
1779433977986,3659,GET target endpoint,200,OK,Users 1-4,text,True,,231,167,6,6,http://example.com:8080/?token=DEMO_TOKEN&user=DEMO_USER&config=1,3659,0,0
1779433977986,3659,GET target endpoint,200,OK,Users 1-1,text,True,,231,167,6,6,http://example.com:8080/?token=DEMO_TOKEN&user=DEMO_USER&config=1,3659,0,0
1779433977986,3775,GET target endpoint,200,OK,Users 1-3,text,True,,231,167,6,6,http://example.com:8080/?token=DEMO_TOKEN&user=DEMO_USER&config=1,3775,0,0
1779433978207,3555,GET target endpoint,200,OK,Users 1-6,text,True,,231,167,6,6,http://example.com:8080/?token=DEMO_TOKEN&user=DEMO_USER&config=1,3555,0,0
1779433979295,2966,GET target endpoint,200,OK,Users 1-5,text,True,,231,167,6,6,http://example.com:8080/?token=DEMO_TOKEN&user=DEMO_USER&config=1,2966,0,0
1779433980428,3708,GET target endpoint,200,OK,Users 1-2,text,True,,231,167,6,6,http://example.com:8080/?token=DEMO_TOKEN&user=DEMO_USER&config=1,3708,0,0
1779433981646,2772,GET target endpoint,200,OK,Users 1-1,text,True,,231,167,6,6,http://example.com:8080/?token=DEMO_TOKEN&user=DEMO_USER&config=1,2772,0,0
1779433981646,2772,GET target endpoint,200,OK,Users 1-4,text,True,,231,167,6,6,http://example.com:8080/?token=DEMO_TOKEN&user=DEMO_USER&config=1,2772,0,0
1779433981762,3457,GET target endpoint,200,OK,Users 1-6,text,True,,231,167,6,6,http://example.com:8080/?token=DEMO_TOKEN&user=DEMO_USER&config=1,3457,0,0
1779433981762,3457,GET target endpoint,200,OK,Users 1-3,text,True,,231,167,6,6,http://example.com:8080/?token=DEMO_TOKEN&user=DEMO_USER&config=1,3457,0,0
1779433982262,3160,GET target endpoint,200,OK,Users 1-5,text,True,,231,167,6,6,http://example.com:8080/?token=DEMO_TOKEN&user=DEMO_USER&config=1,3160,0,0
1779433984137,3490,GET target endpoint,200,OK,Users 1-2,text,True,,231,167,6,6,http://example.com:8080/?token=DEMO_TOKEN&user=DEMO_USER&config=1,3490,0,0
1779433984420,3431,GET target endpoint,200,OK,Users 1-4,text,True,,231,167,6,6,http://example.com:8080/?token=DEMO_TOKEN&user=DEMO_USER&config=1,3431,0,0
1779433984420,3499,GET target endpoint,200,OK,Users 1-1,text,True,,231,167,6,6,http://example.com:8080/?token=DEMO_TOKEN&user=DEMO_USER&config=1,3499,0,0
1779433985220,3025,GET target endpoint,200,OK,Users 1-3,text,True,,231,167,6,6,http://example.com:8080/?token=DEMO_TOKEN&user=DEMO_USER&config=1,3025,0,0
1779433985220,3025,GET target endpoint,200,OK,Users 1-6,text,True,,231,167,6,6,http://example.com:8080/?token=DEMO_TOKEN&user=DEMO_USER&config=1,3025,0,0
1779433985423,3407,GET target endpoint,200,OK,Users 1-5,text,True,,231,167,6,6,http://example.com:8080/?token=DEMO_TOKEN&user=DEMO_USER&config=1,3407,0,0
1779433987627,2726,GET target endpoint,200,OK,Users 1-2,text,True,,231,167,6,6,http://example.com:8080/?token=DEMO_TOKEN&user=DEMO_USER&config=1,2726,0,0
1779433987919,2964,GET target endpoint,200,OK,Users 1-1,text,True,,231,167,6,6,http://example.com:8080/?token=DEMO_TOKEN&user=DEMO_USER&config=1,2964,0,0
1779433987851,3032,GET target endpoint,200,OK,Users 1-4,text,True,,231,167,6,6,http://example.com:8080/?token=DEMO_TOKEN&user=DEMO_USER&config=1,3032,0,0
1779433988246,3679,GET target endpoint,200,OK,Users 1-3,text,True,,231,167,6,6,http://example.com:8080/?token=DEMO_TOKEN&user=DEMO_USER&config=1,3679,0,0
1779433988246,3679,GET target endpoint,200,OK,Users 1-6,text,True,,231,167,6,6,http://example.com:8080/?token=DEMO_TOKEN&user=DEMO_USER&config=1,3679,0,0
1779433988831,3094,GET target endpoint,200,OK,Users 1-5,text,True,,231,167,6,6,http://example.com:8080/?token=DEMO_TOKEN&user=DEMO_USER&config=1,3094,0,0
1779433990354,3858,GET target endpoint,200,OK,Users 1-2,text,True,,231,167,6,6,http://example.com:8080/?token=DEMO_TOKEN&user=DEMO_USER&config=1,3858,0,0
1779433990883,3401,GET target endpoint,200,OK,Users 1-4,text,True,,231,167,6,6,http://example.com:8080/?token=DEMO_TOKEN&user=DEMO_USER&config=1,3401,0,0
1779433990883,3513,GET target endpoint,200,OK,Users 1-1,text,True,,231,167,6,6,http://example.com:8080/?token=DEMO_TOKEN&user=DEMO_USER&config=1,3513,0,8
1779433991925,3278,GET target endpoint,200,OK,Users 1-3,text,True,,231,167,6,6,http://example.com:8080/?token=DEMO_TOKEN&user=DEMO_USER&config=1,3278,0,0
1779433991926,3277,GET target endpoint,200,OK,Users 1-5,text,True,,231,167,6,6,http://example.com:8080/?token=DEMO_TOKEN&user=DEMO_USER&config=1,3277,0,0
1779433991925,3465,GET target endpoint,200,OK,Users 1-6,text,True,,231,167,6,6,http://example.com:8080/?token=DEMO_TOKEN&user=DEMO_USER&config=1,3465,0,0
